{
  "IcoMoonType": "selection",
  "icons": [
    {
      "icon": {
        "paths": [
          "M853.333 469.333h-519.253l238.507-238.507-60.587-60.16-341.333 341.333 341.333 341.333 60.16-60.16-238.080-238.507h519.253v-85.333z"
        ],
        "attrs": [
          {
            "fill": "rgb(144, 147, 166)"
          }
        ],
        "isMulticolor": false,
        "isMulticolor2": false,
        "grid": 0,
        "tags": [
          "left2"
        ]
      },
      "attrs": [
        {
          "fill": "rgb(144, 147, 166)"
        }
      ],
      "properties": {
        "order": 117,
        "id": 1,
        "name": "left2",
        "prevSize": 32
      },
      "setIdx": 0,
      "setId": 3,
      "iconIdx": 0
    },
    {
      "icon": {
        "paths": [
          "M170.667 554.667h519.253l-238.507 238.507 60.587 60.16 341.333-341.333-341.333-341.333-60.16 60.16 238.080 238.507h-519.253v85.333z"
        ],
        "attrs": [
          {
            "fill": "rgb(144, 147, 166)"
          }
        ],
        "isMulticolor": false,
        "isMulticolor2": false,
        "grid": 0,
        "tags": [
          "right2"
        ]
      },
      "attrs": [
        {
          "fill": "rgb(144, 147, 166)"
        }
      ],
      "properties": {
        "order": 118,
        "id": 0,
        "name": "right2",
        "prevSize": 32
      },
      "setIdx": 0,
      "setId": 3,
      "iconIdx": 1
    }
  ],
  "height": 1024,
  "preferences": {
    "showGlyphs": true,
    "showQuickUse": true,
    "showQuickUse2": true,
    "showSVGs": true,
    "fontPref": {
      "prefix": "icon-",
      "metadata": {
        "fontFamily": "icomoon"
      },
      "metrics": {
        "emSize": 1024,
        "baseline": 6.25,
        "whitespace": 50
      },
      "embed": false
    },
    "imagePref": {
      "prefix": "icon-",
      "png": true,
      "useClassSelector": true,
      "color": 0,
      "bgColor": 16777215,
      "classSelector": ".icon",
      "name": "icomoon",
      "height": 32,
      "columns": 16,
      "margin": 16
    },
    "historySize": 50,
    "showCodes": true,
    "gridSize": 16
  }
}